{"stat.cakeSlicesEaten":11,"stat.useItem.minecraft.bow":10,"stat.pickup.minecraft.bone":35,"stat.useItem.minecraft.mushroom_stew":1,"stat.pickup.minecraft.wooden_slab":2,"stat.leaveGame":2,"stat.useItem.minecraft.log2":2,"stat.mineBlock.minecraft.cobblestone":3,"stat.pickup.minecraft.stone_pickaxe":1,"stat.craftItem.simpleores.copper_axe":1,"stat.mineBlock.minecraft.yellow_flower":1,"stat.pickup.minecraft.leather_chestplate":1,"stat.mineBlock.srparasites.gore":1,"stat.mineBlock.minecraft.sandstone":1,"stat.mineBlock.charm.crate_sealed":1,"stat.mineBlock.minecraft.stained_glass":23,"stat.swimOneCm":4028,"stat.pickup.quark.glass_shards":70,"stat.useItem.minecraft.planks":52,"stat.climbOneCm":7855,"stat.pickup.minecraft.enchanted_book":5,"stat.pickup.minecraft.glowstone_dust":3,"stat.mineBlock.quark.roots":1,"stat.useItem.minecraft.cookie":7,"stat.useItem.minecraft.dirt":5,"stat.useItem.minecraft.stone_slab2":48,"stat.pickup.minecraft.bow":4,"stat.pickup.minecraft.iron_boots":2,"stat.mineBlock.minecraft.stone_brick_stairs":1,"stat.pickup.minecraft.rotten_flesh":16,"stat.pickup.minecraft.sand":10,"stat.pickup.minecraft.stone_hoe":1,"stat.pickup.minecraft.brick_block":3,"stat.mineBlock.gb.glucky_block":5,"stat.craftItem.minecraft.iron_boots":1,"stat.pickup.minecraft.anvil":3,"stat.useItem.minecraft.red_nether_brick":3,"stat.pickup.minecraft.nether_wart_block":1,"stat.useItem.minecraft.iron_ore":2,"stat.pickup.minecraft.bucket":1,"stat.craftItem.minecraft.stone_pickaxe":1,"stat.pickup.simpleores.copper_ore":20,"stat.mineBlock.minecraft.magma":18,"stat.pickup.minecraft.cobblestone":82,"stat.mineBlock.minecraft.wooden_slab":2,"stat.mineBlock.minecraft.carpet":5,"stat.pickup.minecraft.leather_boots":1,"stat.pickup.minecraft.gold_block":6,"stat.mineBlock.minecraft.clay":6,"stat.flyOneCm":149508,"stat.craftItem.minecraft.glass_bottle":3,"stat.pickup.minecraft.sandstone":1,"stat.pickup.minecraft.glass_bottle":2,"stat.mineBlock.minecraft.sand":10,"stat.mineBlock.quark.custom_chest":1,"stat.pickup.minecraft.fish":2,"stat.craftItem.minecraft.stained_glass":16,"stat.pickup.minecraft.redstone":3,"stat.mineBlock.minecraft.iron_ore":27,"stat.timeSinceDeath":6231,"stat.hopperInspected":1,"stat.useItem.minecraft.iron_pickaxe":267,"stat.craftItem.quark.root_dye":1,"stat.craftItem.minecraft.wooden_pickaxe":1,"stat.useItem.minecraft.wooden_slab":1,"stat.mineBlock.minecraft.brick_block":3,"stat.useItem.simpleores.copper_axe":43,"stat.craftItem.simpledifficulty.purified_water_bottle":17,"stat.pickup.minecraft.ghast_tear":2,"stat.pickup.minecraft.cake":1,"stat.mineBlock.minecraft.hopper":6,"stat.mineBlock.minecraft.vine":19,"stat.pickup.minecraft.chainmail_helmet":1,"stat.pickup.minecraft.nether_wart":10,"stat.pickup.minecraft.stonebrick":17,"stat.furnaceInteraction":64,"stat.pickup.minecraft.carpet":5,"stat.killEntity.ZombieVillager":2,"stat.mineBlock.minecraft.coal_ore":26,"stat.pickup.srparasites.lurecomponent1":20,"stat.mineBlock.minecraft.nether_brick":4,"stat.pickup.minecraft.shield":1,"stat.craftItem.minecraft.stone_hoe":1,"stat.pickup.minecraft.nether_brick":5,"stat.pickup.minecraft.string":10,"stat.pickup.simpleores.copper_axe":1,"stat.pickup.minecraft.furnace":3,"stat.pickup.charm.record_menu2":2,"stat.entityKilledBy.Skeleton":2,"stat.craftItem.minecraft.stone_slab2":0,"stat.sprintOneCm":192020,"stat.pickup.minecraft.iron_chestplate":1,"stat.mineBlock.minecraft.stone_slab":2,"stat.craftItem.minecraft.stick":20,"stat.drop.minecraft.stone_hoe":1,"stat.mineBlock.simpleores.tin_ore":3,"stat.useItem.minecraft.snowball":2,"stat.useItem.minecraft.wheat_seeds":1,"stat.mineBlock.minecraft.crafting_table":1,"stat.drop.nt.flower_acanthus_bot":2,"stat.useItem.minecraft.diamond_pickaxe":10,"stat.useItem.minecraft.carrot":6,"stat.useItem.minecraft.hopper":3,"stat.pickup.minecraft.saddle":2,"stat.pickup.minecraft.emerald":1,"stat.useItem.minecraft.dye":5,"stat.mineBlock.minecraft.oak_stairs":5,"stat.pickup.minecraft.sugar":2,"stat.mineBlock.minecraft.planks":9,"stat.deaths":7,"stat.drop":9,"stat.playOneMinute":97621,"stat.useItem.minecraft.wooden_sword":31,"stat.pickup.minecraft.slime_ball":2,"stat.craftItem.minecraft.iron_pickaxe":1,"stat.mineBlock.nt.yellowautumn_leaves":7,"stat.killEntity.Zombie":6,"stat.craftItem.minecraft.dye":6,"stat.pickup.minecraft.snowball":7,"stat.pickup.minecraft.iron_bars":15,"stat.drop.minecraft.glass_bottle":1,"stat.mineBlock.minecraft.tallgrass":24,"stat.pickup.minecraft.netherrack":2,"stat.diveOneCm":34147,"stat.pickup.minecraft.wheat":6,"stat.chestOpened":73,"stat.pickup.simpledifficulty.magma_chunk":23,"stat.drop.srparasites.lurecomponent1":2,"stat.pickup.grimpack.aluminum_ore":2,"stat.useItem.minecraft.stone":6,"stat.drop.minecraft.wooden_pickaxe":1,"stat.mineBlock.minecraft.netherrack":2,"stat.pickup.minecraft.gravel":1,"stat.pickup.minecraft.arrow":13,"stat.pickup.minecraft.iron_sword":2,"stat.useItem.minecraft.glass_bottle":16,"stat.mineBlock.minecraft.anvil":2,"stat.pickup.minecraft.stone_axe":1,"stat.useItem.minecraft.apple":5,"stat.pickup.backportedflora.lily_of_the_valley":2,"stat.pickup.simpledifficulty.purified_water_bottle":14,"stat.useItem.minecraft.carpet":2,"stat.useItem.minecraft.potion":2,"stat.useItem.minecraft.rotten_flesh":3,"stat.mineBlock.minecraft.gold_block":6,"stat.jump":1239,"stat.pickup.minecraft.coal":43,"stat.pickup.minecraft.iron_helmet":1,"stat.useItem.minecraft.experience_bottle":25,"stat.fallOneCm":27092,"stat.pickup.minecraft.iron_ingot":6,"stat.pickup.simpleores.tin_ore":3,"stat.pickup.minecraft.carrot":25,"stat.useItem.minecraft.stone_axe":33,"stat.crouchOneCm":22172,"stat.pickup.minecraft.spider_eye":2,"stat.craftItem.minecraft.chest":2,"stat.craftItem.minecraft.torch":12,"stat.craftItem.minecraft.iron_ingot":24,"stat.pickup.minecraft.dirt":16,"stat.craftItem.minecraft.iron_helmet":1,"stat.drop.minecraft.mushroom_stew":1,"stat.pickup.minecraft.experience_bottle":25,"stat.craftingTableInteraction":20,"stat.pickup.minecraft.iron_ore":29,"stat.mineBlock.grimpack.aluminum_ore":2,"stat.mineBlock.minecraft.nether_wart_block":1,"stat.mineBlock.minecraft.iron_bars":11,"stat.pickup.minecraft.cookie":7,"stat.pickup.quark.custom_chest":1,"stat.mineBlock.minecraft.log2":12,"stat.damageTaken":4429,"stat.pickup.minecraft.leather":1,"stat.mineBlock.minecraft.red_nether_brick":34,"stat.mineBlock.minecraft.furnace":3,"stat.useItem.minecraft.wooden_pickaxe":3,"stat.useItem.minecraft.furnace":1,"stat.mineBlock.grimpack.randomite":5,"stat.pickup.minecraft.magma_cream":1,"stat.pickup.srparasites.assimilated_flesh":10,"stat.pickup.minecraft.log2":12,"stat.pickup.minecraft.dye":2,"stat.pickup.minecraft.planks":18,"stat.pickup.minecraft.iron_leggings":1,"stat.pickup.minecraft.bed":5,"stat.pickup.minecraft.wheat_seeds":7,"stat.pickup.minecraft.potato":23,"stat.pickup.minecraft.oak_stairs":7,"stat.mineBlock.simpleores.mythril_ore":2,"stat.mineBlock.minecraft.gravel":1,"stat.useItem.minecraft.stone_pickaxe":57,"stat.useItem.minecraft.stone_sword":13,"stat.craftItem.minecraft.iron_leggings":1,"stat.damageDealt":9459,"stat.craftItem.minecraft.glass":3,"stat.sleepInBed":3,"stat.craftItem.minecraft.baked_potato":17,"stat.mineBlock.minecraft.dirt":19,"stat.pickup.nt.flower_acanthus_bot":2,"stat.craftItem.minecraft.iron_sword":1,"stat.pickup.nt.yellowautumn_leaves":5,"stat.mineBlock.simpleores.copper_ore":20,"stat.useItem.minecraft.iron_bars":1,"stat.walkOneCm":360355,"stat.useItem.minecraft.bread":14,"stat.useItem.minecraft.torch":25,"stat.animalsBred":3,"stat.useItem.quark.custom_chest":24,"stat.useItem.minecraft.chest":1,"stat.pickup.minecraft.iron_nugget":14,"stat.pickup.simpleores.mythril_ore":2,"stat.craftItem.quark.custom_chest":3,"stat.pickup.minecraft.crafting_table":1,"stat.pickup.minecraft.clay_ball":46,"stat.useItem.minecraft.cobblestone":8,"stat.craftItem.minecraft.crafting_table":1,"stat.pickup.minecraft.log":20,"stat.pickup.minecraft.iron_pickaxe":3,"stat.mineBlock.backportedflora.lily_of_the_valley":1,"stat.pickup.minecraft.stone":17,"stat.craftItem.minecraft.iron_chestplate":1,"stat.pickup.minecraft.hopper":10,"stat.pickup.minecraft.baked_potato":11,"stat.drop.quark.root_dye":1,"stat.pickup.minecraft.sapling":1,"stat.killEntity.Treasure":2,"stat.pickup.minecraft.apple":9,"stat.pickup.minecraft.cooked_beef":2,"stat.pickup.minecraft.gold_ingot":3,"stat.mineBlock.nt.flower_pluchea_glutinosa":2,"stat.pickup.nt.flower_pluchea_glutinosa":2,"stat.killEntity.Skeleton":16,"stat.craftItem.spartanshields.shield_tower_wood":2,"stat.mineBlock.minecraft.stonebrick":16,"stat.craftItem.minecraft.planks":132,"stat.useItem.minecraft.iron_sword":210,"stat.mineBlock.srparasites.infestremain":1,"stat.killEntity.Spider":8,"stat.killEntity.WitherSkeleton":1,"stat.pickup.minecraft.bread":12,"stat.pickup.minecraft.stone_sword":1,"stat.pickup.gb.globette":1,"stat.mobKills":81,"stat.useItem.minecraft.stonebrick":7,"stat.mineBlock.minecraft.log":12,"stat.pickup.minecraft.quartz":1,"stat.useItem.minecraft.stone_hoe":3,"stat.mineBlock.minecraft.leaves":1,"stat.pickup.minecraft.torch":2,"stat.pickup.minecraft.spruce_stairs":8,"stat.mineBlock.cave_expansion.treasurelvl2":2,"stat.pickup.minecraft.red_nether_brick":35,"stat.sneakTime":8177,"stat.useItem.minecraft.baked_potato":13,"stat.mineBlock.nt.flower_acanthus_bot":3,"stat.pickup.minecraft.stone_slab":3,"stat.useItem.minecraft.wooden_axe":8,"stat.pickup.minecraft.yellow_flower":1,"stat.mineBlock.minecraft.stone":87,"stat.pickup.minecraft.chest":4}