{"stat.useItem.minecraft.bow":6,"stat.craftItem.simpleores.tin_ingot":27,"stat.leaveGame":4,"stat.mineBlock.minecraft.stained_glass":3,"stat.useItem.minecraft.planks":39,"stat.mineBlock.minecraft.web":2,"stat.pickup.minecraft.glowstone_dust":2,"stat.mineBlock.minecraft.stone_brick_stairs":1,"stat.pickup.minecraft.rotten_flesh":8,"stat.pickup.minecraft.sand":18,"stat.useItem.simpleores.copper_bucket":7,"stat.craftItem.minecraft.stone_axe":2,"stat.pickup.simpleores.tin_sword":1,"stat.useItem.minecraft.red_nether_brick":21,"stat.mineBlock.cave_expansion.bigclaypot":1,"stat.craftItem.simpleores.tin_sword":1,"stat.pickup.minecraft.leather_boots":1,"stat.craftItem.minecraft.stone_sword":1,"stat.mineBlock.minecraft.snow_layer":3,"stat.mineBlock.minecraft.sand":19,"stat.killEntity.Witch":2,"stat.pickup.levelhearts.heart_piece":3,"stat.mineBlock.futuremc.stripped_oak_log":1,"stat.hopperInspected":3,"stat.useItem.minecraft.iron_pickaxe":112,"stat.craftItem.minecraft.wooden_pickaxe":2,"stat.pickup.grimpack.instruction_manual":1,"stat.craftItem.simpledifficulty.purified_water_bottle":17,"stat.craftItem.minecraft.bed":1,"stat.craftItem.simpleores.tin_leggings":1,"stat.mineBlock.minecraft.vine":21,"stat.furnaceInteraction":55,"stat.pickup.srparasites.lurecomponent2":1,"stat.pickup.spartanshields.shield_tower_tin":1,"stat.pickup.srparasites.lurecomponent1":9,"stat.pickup.nt.redautumn_leaves":3,"stat.pickup.minecraft.furnace":4,"stat.pickup.charm.record_menu2":1,"stat.craftItem.simpleores.copper_bucket":1,"stat.pickup.simpleores.copper_bucket":1,"stat.pickup.futuremc.stripped_oak_log":1,"stat.pickup.simpleores.tin_leggings":2,"stat.pickup.minecraft.potion":9,"stat.mineBlock.simpleores.tin_ore":31,"stat.useItem.minecraft.flint_and_steel":1,"stat.useItem.minecraft.wheat_seeds":4,"stat.useItem.minecraft.dye":59,"stat.deaths":7,"stat.playOneMinute":97500,"stat.mineBlock.nt.yellowautumn_leaves":1,"stat.pickup.nt.flower_alliaria":6,"stat.pickup.minecraft.iron_bars":4,"stat.craftItem.simpleores.tin_helmet":1,"stat.mineBlock.minecraft.tallgrass":9,"stat.pickup.minecraft.netherrack":3,"stat.chestOpened":55,"stat.drop.srparasites.lurecomponent1":2,"stat.pickup.minecraft.arrow":82,"stat.pickup.minecraft.iron_sword":1,"stat.pickup.backportedflora.lily_of_the_valley":6,"stat.pickup.simpleores.tin_boots":3,"stat.useItem.minecraft.experience_bottle":32,"stat.fallOneCm":18581,"stat.pickup.simpleores.tin_ore":36,"stat.crouchOneCm":43191,"stat.craftItem.minecraft.iron_ingot":4,"stat.craftItem.minecraft.chest":4,"stat.craftingTableInteraction":43,"stat.craftItem.spartanshields.shield_tower_tin":1,"stat.pickup.minecraft.wooden_pickaxe":3,"stat.mineBlock.minecraft.log2":25,"stat.mineBlock.minecraft.red_nether_brick":74,"stat.useItem.minecraft.furnace":1,"stat.craftItem.minecraft.wooden_sword":2,"stat.pickup.minecraft.planks":134,"stat.pickup.minecraft.wheat_seeds":8,"stat.mineBlock.minecraft.gravel":5,"stat.useItem.minecraft.stone_pickaxe":266,"stat.useItem.minecraft.stone_sword":11,"stat.mineBlock.minecraft.dirt":158,"stat.pickup.nt.flower_acanthus_bot":6,"stat.mineBlock.simpleores.copper_ore":12,"stat.pickup.minecraft.flint_and_steel":4,"stat.useItem.minecraft.torch":55,"stat.useItem.minecraft.bread":10,"stat.pickup.minecraft.brewing_stand":1,"stat.pickup.minecraft.crafting_table":5,"stat.useItem.minecraft.cobblestone":88,"stat.craftItem.minecraft.crafting_table":4,"stat.useItem.minecraft.gravel":3,"stat.mineBlock.nt.orangeautumn_leaves":2,"stat.pickup.minecraft.log":57,"stat.useItem.minecraft.cooked_fish":1,"stat.pickup.minecraft.iron_pickaxe":1,"stat.pickup.minecraft.sapling":16,"stat.pickup.minecraft.apple":6,"stat.pickup.nt.flower_pluchea_glutinosa":3,"stat.craftItem.spartanshields.shield_tower_wood":2,"stat.craftItem.minecraft.planks":200,"stat.useItem.minecraft.iron_sword":30,"stat.killEntity.WitherSkeleton":1,"stat.pickup.minecraft.stone_sword":4,"stat.pickup.simpleores.copper_bucket_water":3,"stat.mineBlock.minecraft.log":57,"stat.useItem.minecraft.stone_hoe":82,"stat.useItem.simpleores.tin_sword":37,"stat.mineBlock.cave_expansion.treasurelvl2":1,"stat.pickup.minecraft.red_nether_brick":199,"stat.sneakTime":15506,"stat.pickup.minecraft.wool":4,"stat.drop.simpledifficulty.magma_chunk":1,"stat.useItem.minecraft.baked_potato":17,"stat.pickup.minecraft.stone_slab":2,"stat.useItem.minecraft.wooden_axe":3,"stat.drop.minecraft.wooden_axe":1,"stat.pickup.minecraft.chest":3,"stat.cakeSlicesEaten":3,"stat.drop.minecraft.stone_pickaxe":1,"stat.pickup.minecraft.bone":55,"stat.mineBlock.minecraft.cobblestone":5,"stat.pickup.minecraft.stone_pickaxe":5,"stat.pickup.minecraft.flint":1,"stat.mineBlock.srparasites.gore":17,"stat.swimOneCm":4987,"stat.pickup.quark.glass_shards":16,"stat.climbOneCm":460,"stat.pickup.minecraft.enchanted_book":6,"stat.useItem.minecraft.dirt":91,"stat.craftItem.simpleores.copper_ingot":8,"stat.useItem.minecraft.stone_slab2":45,"stat.pickup.minecraft.bow":3,"stat.pickup.minecraft.stone_hoe":5,"stat.craftItem.minecraft.furnace":2,"stat.killEntity.artifacts.mimic":1,"stat.craftItem.minecraft.stone_pickaxe":2,"stat.pickup.simpleores.copper_ore":12,"stat.mineBlock.minecraft.magma":12,"stat.pickup.minecraft.cobblestone":420,"stat.pickup.quark.black_ash":9,"stat.mineBlock.minecraft.clay":4,"stat.useItem.minecraft.stone_shovel":168,"stat.flyOneCm":49930,"stat.craftItem.minecraft.glass_bottle":15,"stat.pickup.minecraft.glass_bottle":11,"stat.pickup.simpleores.tin_helmet":3,"stat.useItem.minecraft.cooked_beef":1,"stat.mineBlock.minecraft.iron_ore":17,"stat.timeSinceDeath":5274,"stat.useItem.minecraft.potato":16,"stat.pickup.minecraft.wooden_axe":1,"stat.pickup.minecraft.chainmail_helmet":1,"stat.pickup.minecraft.stonebrick":18,"stat.drop.minecraft.dirt":1,"stat.mineBlock.minecraft.coal_ore":36,"stat.pickup.minecraft.shield":4,"stat.killEntity.Creeper":1,"stat.craftItem.minecraft.stone_hoe":1,"stat.pickup.minecraft.wooden_sword":1,"stat.drop.minecraft.baked_potato":3,"stat.useItem.backportedflora.lily_of_the_valley":2,"stat.pickup.minecraft.string":10,"stat.pickup.simpleores.copper_ingot":5,"stat.craftItem.simpleores.tin_chestplate":1,"stat.craftItem.minecraft.stone_slab2":0,"stat.sprintOneCm":55297,"stat.craftItem.minecraft.stick":52,"stat.useItem.minecraft.snowball":2,"stat.mineBlock.minecraft.crafting_table":3,"stat.pickup.minecraft.leather_leggings":3,"stat.craftItem.simpleores.copper_shears":1,"stat.mineBlock.minecraft.planks":4,"stat.drop":8,"stat.useItem.minecraft.wooden_sword":15,"stat.killEntity.Zombie":12,"stat.craftItem.minecraft.dye":63,"stat.pickup.minecraft.snowball":22,"stat.diveOneCm":16485,"stat.pickup.minecraft.wheat":1,"stat.pickup.simpledifficulty.magma_chunk":25,"stat.pickup.minecraft.gravel":6,"stat.useItem.minecraft.glass_bottle":18,"stat.pickup.minecraft.stone_axe":5,"stat.pickup.simpledifficulty.purified_water_bottle":37,"stat.mineBlock.grimpack.element_115_ore":1,"stat.useItem.minecraft.potion":1,"stat.useItem.simpleores.copper_bucket_water":6,"stat.pickup.minecraft.stone_brick_stairs":2,"stat.craftItem.simpleores.tin_boots":1,"stat.jump":867,"stat.pickup.minecraft.coal":75,"stat.pickup.minecraft.iron_helmet":1,"stat.useItem.minecraft.stone_axe":178,"stat.pickup.minecraft.gunpowder":1,"stat.pickup.simpleores.tin_chestplate":3,"stat.craftItem.minecraft.torch":64,"stat.pickup.minecraft.dirt":231,"stat.pickup.minecraft.experience_bottle":62,"stat.pickup.artifacts.cobalt_shield":5,"stat.pickup.minecraft.iron_ore":17,"stat.pickup.minecraft.stone_shovel":1,"stat.mineBlock.minecraft.iron_bars":4,"stat.craftItem.minecraft.flint_and_steel":1,"stat.pickup.grimpack.element_115":4,"stat.pickup.minecraft.leaves":12,"stat.damageTaken":3686,"stat.mineBlock.minecraft.furnace":2,"stat.mineBlock.minecraft.torch":7,"stat.useItem.minecraft.wooden_pickaxe":82,"stat.pickup.srparasites.assimilated_flesh":9,"stat.pickup.minecraft.log2":25,"stat.pickup.minecraft.bed":2,"stat.pickup.minecraft.potato":31,"stat.entityKilledBy.Zombie":2,"stat.craftItem.minecraft.glass":16,"stat.damageDealt":7643,"stat.sleepInBed":1,"stat.craftItem.minecraft.baked_potato":8,"stat.useItem.minecraft.crafting_table":3,"stat.craftItem.minecraft.stone_shovel":2,"stat.walkOneCm":507159,"stat.useItem.minecraft.chest":1,"stat.playerKills":1,"stat.pickup.minecraft.stick":24,"stat.pickup.minecraft.clay_ball":16,"stat.pickup.nt.orangeautumn_leaves":2,"stat.mineBlock.backportedflora.lily_of_the_valley":4,"stat.pickup.minecraft.stone":7,"stat.pickup.minecraft.baked_potato":21,"stat.pickup.minecraft.cooked_beef":1,"stat.pickup.minecraft.gold_ingot":2,"stat.mineBlock.nt.flower_pluchea_glutinosa":3,"stat.killEntity.Skeleton":14,"stat.mineBlock.minecraft.stonebrick":11,"stat.mineBlock.nt.redautumn_leaves":4,"stat.killEntity.Spider":3,"stat.pickup.minecraft.bread":15,"stat.mobKills":60,"stat.mineBlock.minecraft.leaves":27,"stat.pickup.minecraft.beetroot_seeds":1,"stat.pickup.minecraft.torch":68,"stat.pickup.minecraft.spruce_stairs":1,"stat.pickup.simpleores.tin_ingot":3,"stat.mineBlock.minecraft.stone":214}